iata,nom,ville,pays,latitude,longitude
CDG,Roissy Charles de Gaulle,Paris,FR,49.0097,2.5479
ORY,Orly,Paris,FR,48.7233,2.3794
NCE,Cote d'Azur,Nice,FR,43.6584,7.2159
LYS,Saint-Exupery,Lyon,FR,45.7256,5.0811
MRS,Provence,Marseille,FR,43.4393,5.2214
TLS,Blagnac,Toulouse,FR,43.6293,1.3638
BOD,Merignac,Bordeaux,FR,44.8283,-0.7156
NTE,Atlantique,Nantes,FR,47.1532,-1.6107
PTP,Pole Caraibes,Pointe-a-Pitre,FR,16.2653,-61.5318
FDF,Aime Cesaire,Fort-de-France,FR,14.5910,-61.0032
RUN,Roland Garros,Saint-Denis,FR,-20.8871,55.5103
CAY,Felix Eboue,Cayenne,FR,4.8198,-52.3644
FRA,Frankfurt,Francfort,DE,50.0379,8.5622
MUC,Franz Josef Strauss,Munich,DE,48.3538,11.7861
BER,Brandenburg,Berlin,DE,52.3667,13.5033
DUS,Dusseldorf,Dusseldorf,DE,51.2895,6.7668
HAM,Hamburg,Hambourg,DE,53.6304,9.9882
AMS,Schiphol,Amsterdam,NL,52.3105,4.7683
BRU,Zaventem,Bruxelles,BE,50.9014,4.4844
LUX,Findel,Luxembourg,LU,49.6266,6.2115
VIE,Schwechat,Vienne,AT,48.1103,16.5697
MAD,Barajas,Madrid,ES,40.4719,-3.5626
BCN,El Prat,Barcelone,ES,41.2971,2.0785
AGP,Malaga,Malaga,ES,36.6749,-4.4991
PMI,Son Sant Joan,Palma,ES,39.5517,2.7388
IBZ,Ibiza,Ibiza,ES,38.8729,1.3731
ALC,Alicante,Alicante,ES,38.2822,-0.5582
VLC,Valence,Valence,ES,39.4893,-0.4816
SVQ,Seville,Seville,ES,37.4180,-5.8931
LPA,Gran Canaria,Las Palmas,ES,27.9319,-15.3866
TFS,Tenerife Sud,Tenerife,ES,28.0445,-16.5725
LIS,Humberto Delgado,Lisbonne,PT,38.7742,-9.1342
OPO,Francisco Sa Carneiro,Porto,PT,41.2481,-8.6814
FAO,Faro,Faro,PT,37.0144,-7.9659
FNC,Cristiano Ronaldo,Funchal,PT,32.6979,-16.7745
FCO,Fiumicino,Rome,IT,41.8003,12.2389
MXP,Malpensa,Milan,IT,45.6306,8.7281
LIN,Linate,Milan,IT,45.4451,9.2767
NAP,Capodichino,Naples,IT,40.8860,14.2908
VCE,Marco Polo,Venise,IT,45.5053,12.3519
BLQ,Guglielmo Marconi,Bologne,IT,44.5354,11.2887
CTA,Fontanarossa,Catane,IT,37.4668,15.0664
PMO,Falcone Borsellino,Palerme,IT,38.1760,13.0910
ATH,Eleftherios Venizelos,Athenes,GR,37.9364,23.9445
SKG,Macedonia,Thessalonique,GR,40.5197,22.9709
HER,Nikos Kazantzakis,Heraklion,GR,35.3397,25.1803
RHO,Diagoras,Rhodes,GR,36.4054,28.0862
JTR,Santorin,Santorin,GR,36.3992,25.4793
DUB,Dublin,Dublin,IE,53.4213,-6.2701
CPH,Kastrup,Copenhague,DK,55.6180,12.6508
ARN,Arlanda,Stockholm,SE,59.6519,17.9186
HEL,Vantaa,Helsinki,FI,60.3172,24.9633
WAW,Chopin,Varsovie,PL,52.1657,20.9671
KRK,Jean-Paul II,Cracovie,PL,50.0777,19.7848
PRG,Vaclav Havel,Prague,CZ,50.1008,14.2600
BUD,Ferenc Liszt,Budapest,HU,47.4369,19.2556
OTP,Henri Coanda,Bucarest,RO,44.5711,26.0850
SOF,Sofia,Sofia,BG,42.6967,23.4114
ZAG,Franjo Tudman,Zagreb,HR,45.7429,16.0688
LJU,Joze Pucnik,Ljubljana,SI,46.2237,14.4576
BTS,M. R. Stefanik,Bratislava,SK,48.1702,17.2127
VNO,Vilnius,Vilnius,LT,54.6341,25.2858
RIX,Riga,Riga,LV,56.9236,23.9711
TLL,Lennart Meri,Tallinn,EE,59.4133,24.8328
LCA,Larnaca,Larnaca,CY,34.8751,33.6249
MLA,Malte,La Valette,MT,35.8575,14.4775
KEF,Keflavik,Reykjavik,IS,63.9850,-22.6056
OSL,Gardermoen,Oslo,NO,60.1939,11.1004
BGO,Flesland,Bergen,NO,60.2934,5.2181
ZRH,Zurich,Zurich,CH,47.4647,8.5492
GVA,Cointrin,Geneve,CH,46.2381,6.1089
LHR,Heathrow,Londres,GB,51.4700,-0.4543
LGW,Gatwick,Londres,GB,51.1537,-0.1821
STN,Stansted,Londres,GB,51.8860,0.2389
MAN,Manchester,Manchester,GB,53.3537,-2.2750
EDI,Edimbourg,Edimbourg,GB,55.9500,-3.3725
IST,Istanbul,Istanbul,TR,41.2753,28.7519
SAW,Sabiha Gokcen,Istanbul,TR,40.8986,29.3092
CMN,Mohammed V,Casablanca,MA,33.3675,-7.5899
RAK,Menara,Marrakech,MA,31.6069,-8.0363
TUN,Carthage,Tunis,TN,36.8510,10.2272
ALG,Houari Boumediene,Alger,DZ,36.6910,3.2154
CAI,Le Caire,Le Caire,EG,30.1219,31.4056
DXB,Dubai,Dubai,AE,25.2532,55.3657
DOH,Hamad,Doha,QA,25.2731,51.6081
TLV,Ben Gourion,Tel Aviv,IL,32.0114,34.8867
JFK,John F. Kennedy,New York,US,40.6413,-73.7781
EWR,Newark,Newark,US,40.6895,-74.1745
BOS,Logan,Boston,US,42.3656,-71.0096
ORD,O'Hare,Chicago,US,41.9742,-87.9073
LAX,Los Angeles,Los Angeles,US,33.9416,-118.4085
SFO,San Francisco,San Francisco,US,37.6213,-122.3790
MIA,Miami,Miami,US,25.7959,-80.2870
YUL,Trudeau,Montreal,CA,45.4706,-73.7408
YYZ,Pearson,Toronto,CA,43.6777,-79.6248
MEX,Benito Juarez,Mexico,MX,19.4363,-99.0721
GRU,Guarulhos,Sao Paulo,BR,-23.4356,-46.4731
EZE,Ezeiza,Buenos Aires,AR,-34.8222,-58.5358
NRT,Narita,Tokyo,JP,35.7720,140.3929
HND,Haneda,Tokyo,JP,35.5494,139.7798
PEK,Capital,Pekin,CN,40.0799,116.6031
PVG,Pudong,Shanghai,CN,31.1443,121.8083
HKG,Hong Kong,Hong Kong,HK,22.3080,113.9185
SIN,Changi,Singapour,SG,1.3644,103.9915
BKK,Suvarnabhumi,Bangkok,TH,13.6900,100.7501
DEL,Indira Gandhi,Delhi,IN,28.5562,77.1000
BOM,Chhatrapati Shivaji,Mumbai,IN,19.0896,72.8656
SYD,Kingsford Smith,Sydney,AU,-33.9399,151.1753
MEL,Tullamarine,Melbourne,AU,-37.6690,144.8410
JNB,O. R. Tambo,Johannesburg,ZA,-26.1367,28.2411
CPT,Le Cap,Le Cap,ZA,-33.9715,18.6021
NBO,Jomo Kenyatta,Nairobi,KE,-1.3192,36.9278
DKR,Blaise Diagne,Dakar,SN,14.6710,-17.0732
ABJ,Felix Houphouet-Boigny,Abidjan,CI,5.2614,-3.9263
LOS,Murtala Muhammed,Lagos,NG,6.5774,3.3212
